,title,publish,view_count,like_count,day_of_week,day_name
0,The Pat McAfee Show | Wednesday August 24th 2022,2022-08-24 13:45:33+00:00,42420,2090,2,Wednesday
1,The Pat McAfee Show | Tuesday August 23rd 2022,2022-08-23 19:26:20+00:00,249983,4972,1,Tuesday
2,The Pat McAfee Show | Monday August 22nd 2022,2022-08-22 20:04:16+00:00,317445,5730,0,Monday
3,The Pat McAfee Show | Friday August 19th 2022,2022-08-19 19:11:01+00:00,280875,4550,4,Friday
4,The Pat McAfee Show | Thursday August 18th 2022,2022-08-18 19:55:45+00:00,326126,5426,3,Thursday
5,The Pat McAfee Show Live From Colts/Lions Joint Practice | Wednesday August 17th 2022,2022-08-17 19:17:32+00:00,422474,9148,2,Wednesday
6,The Pat McAfee Show | Tuesday August 16th 2022,2022-08-16 19:57:36+00:00,323849,5366,1,Tuesday
7,The Pat McAfee Show | Monday August 15th 2022,2022-08-15 19:53:43+00:00,344393,5340,0,Monday
8,The Pat McAfee Show | Friday August 12th 2022,2022-08-12 19:08:06+00:00,299458,4767,4,Friday
9,The Pat McAfee Show | Thursday August 11th 2022,2022-08-11 19:53:51+00:00,330464,5409,3,Thursday
10,The Pat McAfee Show | Wednesday August 10th 2022,2022-08-10 19:32:12+00:00,281865,5240,2,Wednesday
11,The Pat McAfee Show | Tuesday August 9th 2022,2022-08-09 19:44:51+00:00,283941,4987,1,Tuesday
12,The Pat McAfee Show | Monday August 8th 2022,2022-08-08 20:15:39+00:00,331640,5567,0,Monday
13,The Pat McAfee Show | Friday August 5th 2022,2022-08-05 19:08:57+00:00,280993,4603,4,Friday
14,The Pat McAfee Show | Thursday August 4th 2022,2022-08-04 19:56:54+00:00,306294,5860,3,Thursday
15,"The Pat McAfee Show | Wednesday August 3rd, 2022",2022-08-03 19:17:51+00:00,273821,5078,2,Wednesday
16,"The Pat McAfee Show | Tuesday August 2nd, 2022",2022-08-02 19:47:32+00:00,292518,4882,1,Tuesday
17,"The Pat McAfee Show | Monday August 1st, 2022",2022-08-01 19:45:59+00:00,339660,6121,0,Monday
18,"The Pat McAfee Show | Friday July 29th, 2022",2022-07-29 19:12:13+00:00,249824,4537,4,Friday
19,"The Pat McAfee Show | Thursday July 28th, 2022",2022-07-28 19:29:15+00:00,270266,4903,3,Thursday
20,"The Pat McAfee Show | Wednesday July 27th, 2022",2022-07-27 20:02:57+00:00,301615,4765,2,Wednesday
21,"The Pat McAfee Show | Tuesday July 26th, 2022",2022-07-26 19:49:33+00:00,289277,4972,1,Tuesday
22,"The Pat McAfee Show | Monday July 25th, 2022",2022-07-25 19:55:30+00:00,269712,4929,0,Monday
23,"The Pat McAfee Show | Friday July 22nd, 2022",2022-07-22 19:07:05+00:00,260311,4399,4,Friday
24,"The Pat McAfee Show | Thursday July 21st, 2022",2022-07-21 19:20:05+00:00,279490,4362,3,Thursday
25,"The Pat McAfee Show | Wednesday July 20th, 2022",2022-07-20 19:39:12+00:00,283297,4696,2,Wednesday
26,"The Pat McAfee Show | Tuesday July 19th, 2022",2022-07-19 19:25:50+00:00,264670,4888,1,Tuesday
27,"The Pat McAfee Show | Monday July 18th, 2022",2022-07-18 19:47:47+00:00,352720,6516,0,Monday
28,"The Pat McAfee Show | Wednesday July 6th, 2022",2022-07-06 19:17:02+00:00,376958,6412,2,Wednesday
29,"The Pat McAfee Show | Tuesday July 5th, 2022",2022-07-05 19:36:28+00:00,301129,5078,1,Tuesday
30,"The Pat McAfee Show | Thursday June 30th, 2022",2022-06-30 19:09:40+00:00,276223,4618,3,Thursday
31,"The Pat McAfee Show | Wednesday June 29th, 2022",2022-06-29 19:55:13+00:00,270560,4615,2,Wednesday
32,"The Pat McAfee Show | Tuesday June 28th, 2022",2022-06-28 19:53:38+00:00,313350,4775,1,Tuesday
33,"The Pat McAfee Show | Monday June 27th, 2022",2022-06-27 19:52:02+00:00,292493,4706,0,Monday
34,"The Pat McAfee Show | Thursday June 23rd, 2022 (Part 2)",2022-06-23 19:21:46+00:00,248245,4005,3,Thursday
35,"The Pat McAfee Show | Thursday June 23rd, 2022",2022-06-23 16:37:02+00:00,128108,2273,3,Thursday
36,"The Pat McAfee Show | Wednesday June 22nd, 2022",2022-06-22 19:24:04+00:00,250755,4243,2,Wednesday
37,"The Pat McAfee Show | Tuesday June 21st, 2022",2022-06-21 19:16:57+00:00,248453,4231,1,Tuesday
38,"The Pat McAfee Show | Monday June 20th, 2022",2022-06-20 19:28:46+00:00,263681,4581,0,Monday
39,"The Pat McAfee Show | Friday June 17th, 2022",2022-06-17 19:07:34+00:00,266775,4585,4,Friday
40,"The Pat McAfee Show | Thursday June 16th, 2022",2022-06-16 19:14:38+00:00,234109,3990,3,Thursday
41,"The Pat McAfee Show | Wednesday June 15th, 2022",2022-06-15 19:42:40+00:00,272235,4747,2,Wednesday
42,"The Pat McAfee Show | Tuesday June 14th, 2022",2022-06-14 19:49:47+00:00,277613,4690,1,Tuesday
43,"The Pat McAfee Show | Monday June 13th, 2022",2022-06-13 19:47:13+00:00,284949,4870,0,Monday
44,"The Pat McAfee Show | Friday June 10th, 2022",2022-06-10 19:12:35+00:00,236807,4063,4,Friday
45,"The Pat McAfee Show | Thursday June 9th, 2022",2022-06-09 19:16:59+00:00,256370,4464,3,Thursday
46,"The Pat McAfee Show | Wednesday June 8th, 2022",2022-06-08 19:42:11+00:00,292634,5111,2,Wednesday
47,"The Pat McAfee Show | Tuesday June 7th, 2022",2022-06-07 20:09:39+00:00,291896,4743,1,Tuesday
48,"The Pat McAfee Show | Monday June 6th, 2022",2022-06-06 19:37:51+00:00,323813,4550,0,Monday
49,"The Pat McAfee Show | Friday June 3rd, 2022 with AJ Hawk Live In Studio!",2022-06-03 19:24:41+00:00,353047,6388,4,Friday
50,"The Pat McAfee Show | Thursday June 2nd, 2022",2022-06-02 19:40:08+00:00,259120,4624,3,Thursday
51,"The Pat McAfee Show | Wednesday June 1st, 2022",2022-06-01 19:53:01+00:00,278563,4491,2,Wednesday
52,"The Pat McAfee Show | Tuesday May 31st, 2022",2022-05-31 20:13:27+00:00,325926,5152,1,Tuesday
53,"The Pat McAfee Show | Friday May 27th, 2022",2022-05-27 19:25:54+00:00,265232,4769,4,Friday
54,"The Pat McAfee Show | Wednesday May 25th, 2022",2022-05-25 22:18:05+00:00,107625,1271,2,Wednesday
55,"The Pat McAfee Show | Tuesday May 24th, 2022",2022-05-24 20:11:53+00:00,264444,4552,1,Tuesday
56,"The Pat McAfee Show | Monday May 23rd, 2022",2022-05-23 19:52:56+00:00,291742,4828,0,Monday
57,"The Pat McAfee Show | Friday May 20th, 2022",2022-05-20 19:10:35+00:00,258067,4696,4,Friday
58,"The Pat McAfee Show | Thursday May 19th, 2022",2022-05-19 19:34:13+00:00,243141,4213,3,Thursday
59,"The Pat McAfee Show | Wednesday May 18th, 2022",2022-05-18 19:20:07+00:00,249918,4696,2,Wednesday
60,"The Pat McAfee Show | Tuesday May 17th, 2022",2022-05-17 19:42:15+00:00,285392,5212,1,Tuesday
61,"The Pat McAfee Show | Monday May 16th, 2022",2022-05-16 19:53:02+00:00,319618,5261,0,Monday
62,"The Pat McAfee Show | Friday May 13th, 2022",2022-05-13 19:09:46+00:00,284708,5018,4,Friday
63,"The Pat McAfee Show | Thursday May 12th, 2022",2022-05-12 17:59:10+00:00,275970,4486,3,Thursday
64,"The Pat McAfee Show | Wednesday May 11th, 2022",2022-05-11 19:46:24+00:00,289269,4665,2,Wednesday
65,"The Pat McAfee Show | Tuesday May 10th, 2022",2022-05-10 19:17:55+00:00,269107,4797,1,Tuesday
66,"The Pat McAfee Show | Monday May 9th, 2022",2022-05-09 19:20:08+00:00,287754,4830,0,Monday
67,"The Pat McAfee Show | Friday May 6th, 2022 Pt 2",2022-05-06 19:32:56+00:00,430617,5160,4,Friday
68,"The Pat McAfee Show | Friday May 6th, 2022",2022-05-06 16:18:14+00:00,91898,2167,4,Friday
69,"The Pat McAfee Show | Thursday May 5th, 2022",2022-05-05 19:26:47+00:00,278694,4706,3,Thursday
70,"The Pat McAfee Show | Wednesday May 4th, 2022",2022-05-04 19:29:57+00:00,312704,5348,2,Wednesday
71,"The Pat McAfee Show | Tuesday May 3rd, 2022",2022-05-03 19:48:47+00:00,319347,5415,1,Tuesday
72,"The Pat McAfee Show | Monday May 2nd, 2022",2022-05-02 19:24:51+00:00,341717,6660,0,Monday
73,"The Pat McAfee Show | Friday April 29th, 2022",2022-04-29 19:48:55+00:00,429933,6964,4,Friday
74,"Pat McAfee's Draft Spectacular | April 28th, 2022",2022-04-29 04:03:22+00:00,1376959,29529,4,Friday
75,"The Pat McAfee Show | Thursday April 28th, 2022",2022-04-28 18:21:33+00:00,296846,5828,3,Thursday
76,"The Pat McAfee Show | Wednesday April 27th, 2022",2022-04-27 19:30:40+00:00,325738,6070,2,Wednesday
77,"The Pat McAfee Show | Tuesday April 26th, 2022",2022-04-26 19:58:05+00:00,338286,5218,1,Tuesday
78,"The Pat McAfee Show | Monday April 25th, 2022",2022-04-25 20:06:55+00:00,344789,5535,0,Monday
79,"The Pat McAfee Show | Friday April 22nd, 2022",2022-04-22 18:13:58+00:00,300120,4831,4,Friday
80,"The Pat McAfee Show | Thursday April 21st, 2022",2022-04-21 19:28:08+00:00,288356,4817,3,Thursday
81,"The Pat McAfee Show | Wednesday April 20th, 2022",2022-04-20 20:08:26+00:00,438237,5438,2,Wednesday
82,"The Pat McAfee Show | Tuesday April 19th, 2022",2022-04-19 19:46:40+00:00,317399,5564,1,Tuesday
83,"The Pat McAfee Show | Monday April 18th, 2022",2022-04-18 19:15:44+00:00,307229,5097,0,Monday
84,"The Pat McAfee Show | Friday April 15th, 2022",2022-04-15 18:17:28+00:00,323648,5177,4,Friday
85,"The Pat McAfee Show | Thursday April 14th, 2022",2022-04-14 19:22:15+00:00,283438,4784,3,Thursday
86,"The Pat McAfee Show | Wednesday April 13th, 2022",2022-04-13 19:45:15+00:00,332702,4998,2,Wednesday
87,"The Pat McAfee Show | Tuesday April 12th, 2022",2022-04-12 19:37:40+00:00,327927,4871,1,Tuesday
88,"The Pat McAfee Show | Monday April 11th, 2022",2022-04-11 19:23:40+00:00,333741,5330,0,Monday
89,"The Pat McAfee Show | Friday April 8th, 2022",2022-04-08 19:16:44+00:00,324968,6086,4,Friday
90,"The Pat McAfee Show | Thursday April 7th, 2022",2022-04-07 19:27:48+00:00,277999,4802,3,Thursday
91,"The Pat McAfee Show | Wednesday April 6th, 2022",2022-04-06 19:46:06+00:00,321442,5363,2,Wednesday
92,"The Pat McAfee Show | Tuesday April 5th, 2022",2022-04-05 20:04:32+00:00,367808,5704,1,Tuesday
93,"The Pat McAfee Show | Monday April 4th, 2022",2022-04-04 19:16:50+00:00,453626,10605,0,Monday
94,"The Pat McAfee Show | Thursday March 31st, 2022",2022-03-31 19:19:40+00:00,332115,6002,3,Thursday
95,"The Pat McAfee Show | Wednesday March 30th, 2022",2022-03-30 19:27:16+00:00,334131,5566,2,Wednesday
96,"The Pat McAfee Show | Tuesday March 29th, 2022",2022-03-29 19:31:15+00:00,318500,5286,1,Tuesday
97,"The Pat McAfee Show | Monday March 28th, 2022",2022-03-28 19:46:11+00:00,386523,6095,0,Monday
98,"The Pat McAfee Show | Friday March 25th, 2022",2022-03-25 19:15:13+00:00,373730,5777,4,Friday
99,"The Pat McAfee Show | Thursday March 24th, 2022",2022-03-24 19:44:36+00:00,344025,5551,3,Thursday
100,"The Pat McAfee Show | Wednesday March 23rd, 2022",2022-03-23 19:50:33+00:00,425425,6963,2,Wednesday
101,"The Pat McAfee Show | Tuesday March 22nd, 2022",2022-03-22 19:52:37+00:00,409605,7117,1,Tuesday
102,"The Pat McAfee Show | Monday March 21st, 2022",2022-03-21 19:33:19+00:00,418408,6761,0,Monday
103,"Tom Telesco Talks Recent MAJOR Moves, Having To Keep Up With The Division | Pat McAfee Reacts",2022-03-19 16:00:14+00:00,196474,2833,5,Saturday
104,"The Pat McAfee Show | Friday March 18th, 2022",2022-03-18 18:17:37+00:00,374662,6144,4,Friday
105,"The Pat McAfee Show | Thursday March 17th, 2022",2022-03-17 20:15:58+00:00,394520,6022,3,Thursday
106,"The Pat McAfee Show | Wednesday March 16th, 2022",2022-03-16 19:30:58+00:00,346279,5761,2,Wednesday
107,"The Pat McAfee Show | Tuesday March 15th, 2022",2022-03-15 19:38:10+00:00,385927,6188,1,Tuesday
108,"The Pat McAfee Show | Monday March 14th, 2022",2022-03-14 19:22:57+00:00,412590,6986,0,Monday
109,"The Pat McAfee Show | Friday March 11th, 2022",2022-03-11 19:06:30+00:00,254295,4104,4,Friday
110,"The Pat McAfee Show | Wednesday March 9th, 2022",2022-03-09 20:27:03+00:00,343014,5420,2,Wednesday
111,"The Pat McAfee Show | Tuesday March 8th, 2022",2022-03-08 20:29:25+00:00,473684,8082,1,Tuesday
112,"The Pat McAfee Show | Monday March 7th, 2022",2022-03-07 21:04:05+00:00,337114,4887,0,Monday
113,"The Pat McAfee Show | Friday March 4th, 2022",2022-03-04 18:06:51+00:00,314970,6165,4,Friday
114,"The Pat McAfee Show | Thursday March 3rd, 2022",2022-03-03 21:25:37+00:00,866622,20261,3,Thursday
115,"The Pat McAfee Show | Wednesday March 2nd, 2022",2022-03-02 20:48:24+00:00,293427,5177,2,Wednesday
116,"The Pat McAfee Show | Tuesday March 1st, 2022",2022-03-01 21:04:29+00:00,491436,6409,1,Tuesday
117,"The Pat McAfee Show | Monday February 28th, 2022",2022-02-28 20:18:49+00:00,300275,5670,0,Monday
118,"The Pat McAfee Show | Friday February 25th, 2022",2022-02-25 20:54:33+00:00,315312,4899,4,Friday
119,"The Pat McAfee Show | Thursday February 24th, 2022",2022-02-24 20:28:50+00:00,290514,4814,3,Thursday
120,"The Pat McAfee Show | Wednesday February 23rd, 2022",2022-02-23 21:10:18+00:00,305046,4840,2,Wednesday
121,"Aaron Rodgers Tells Pat McAfee ""I Can Still Play"" Amid Retirement Speculation",2022-02-22 21:30:03+00:00,65579,1027,1,Tuesday
122,"The Pat McAfee Show | Tuesday February 22nd, 2022",2022-02-22 20:27:26+00:00,667145,15163,1,Tuesday
123,"The Pat McAfee Show | Monday February 14th, 2022",2022-02-14 20:17:25+00:00,544084,10013,0,Monday
124,"The Pat McAfee Show Super Bowl LVI $40,000 Coin Toss Watch-along",2022-02-14 03:24:06+00:00,386255,5373,0,Monday
125,FanDuel $200K Superstar Showdown hosted by Pat McAfee,2022-02-13 04:28:17+00:00,315252,7240,6,Sunday
126,"The Pat McAfee Show | Friday February 11th, 2022",2022-02-11 20:55:19+00:00,482025,7586,4,Friday
127,"The Pat McAfee Show Radio Row After Hours Spectacular | Thursday February 10th, 2022",2022-02-11 01:14:38+00:00,275788,8599,4,Friday
128,"The Pat McAfee Show | Thursday February 10th, 2022",2022-02-10 20:58:18+00:00,412780,6577,3,Thursday
129,"The Pat McAfee Show | Wednesday February 9th, 2022",2022-02-09 21:04:46+00:00,520185,8357,2,Wednesday
130,"The Pat McAfee Show | Tuesday February 8th, 2022",2022-02-08 20:56:41+00:00,519639,8680,1,Tuesday
131,"The Pat McAfee Show | Monday February 7th, 2022",2022-02-07 20:14:36+00:00,342997,5665,0,Monday
132,"The Pat McAfee Show | Friday February 4th, 2022",2022-02-04 20:47:09+00:00,364354,5575,4,Friday
133,"The Pat McAfee Show | Wednesday February 2nd, 2022",2022-02-02 20:11:20+00:00,342629,6048,2,Wednesday
134,"The Pat McAfee Show | Tuesday February 1st, 2022",2022-02-01 20:45:54+00:00,456237,6844,1,Tuesday
135,"The Pat McAfee Show | Monday January 31st, 2022",2022-01-31 21:02:04+00:00,576155,8242,0,Monday
136,"The Pat McAfee Show | Friday January 28th, 2022",2022-01-28 20:34:25+00:00,384065,5852,4,Friday
137,"The Pat McAfee Show | Thursday January 27th, 2022",2022-01-27 21:33:10+00:00,359282,6026,3,Thursday
138,"The Pat McAfee Show | Wednesday January 26th, 2022",2022-01-26 21:05:54+00:00,493747,6732,2,Wednesday
139,"The Pat McAfee Show | Tuesday January 25th, 2022",2022-01-25 20:19:40+00:00,489989,10001,1,Tuesday
140,"The Pat McAfee Show | Monday January 24th, 2022",2022-01-24 20:53:11+00:00,593196,9114,0,Monday
141,"The Pat McAfee Show | Friday January 21st, 2022",2022-01-21 20:27:59+00:00,371524,5949,4,Friday
142,"The Pat McAfee Show | Thursday January 20th, 2022",2022-01-20 21:10:57+00:00,395645,6602,3,Thursday
143,"The Pat McAfee Show | Wednesday January 19th, 2022",2022-01-19 20:55:28+00:00,425356,6001,2,Wednesday
144,"The Pat McAfee Show | Tuesday January 18th, 2022",2022-01-18 21:42:30+00:00,512383,7478,1,Tuesday
145,"The Pat McAfee Show | Monday January 17th, 2022",2022-01-17 20:44:22+00:00,476095,7910,0,Monday
146,"The Pat McAfee Show | Friday January 14th, 2022",2022-01-14 19:15:39+00:00,373452,5874,4,Friday
147,"The Pat McAfee Show | Thursday January 13th, 2022",2022-01-13 20:37:56+00:00,393301,5923,3,Thursday
148,"The Pat McAfee Show | Wednesday January 12th, 2022",2022-01-12 20:50:37+00:00,412181,5764,2,Wednesday
149,"The Pat McAfee Show | Tuesday January 11th, 2022",2022-01-11 20:35:42+00:00,448072,8384,1,Tuesday
150,"The Pat McAfee Show | Monday January 10th, 2022",2022-01-10 20:15:46+00:00,553871,9358,0,Monday
151,"The Pat McAfee Show | Friday January 7th, 2022",2022-01-07 20:39:35+00:00,362565,5527,4,Friday
152,"The Pat McAfee Show | Thursday January 6th, 2022",2022-01-06 20:37:18+00:00,369285,6341,3,Thursday
153,"The Pat McAfee Show | Wednesday January 5th, 2022",2022-01-05 20:46:31+00:00,315462,5092,2,Wednesday
154,"The Pat McAfee Show | Tuesday January 4th, 2022",2022-01-04 20:31:13+00:00,393962,7131,1,Tuesday
155,"The Pat McAfee Show | Monday January 3rd, 2022",2022-01-03 21:14:24+00:00,502765,7471,0,Monday
156,The Pat McAfee Show 2021 Year In Review,2021-12-31 20:00:01+00:00,96970,4482,4,Friday
157,"The Pat McAfee Show | Friday December 31st, 2021",2021-12-31 20:12:19+00:00,215798,4463,4,Friday
158,"The Pat McAfee Show | Thursday December 30th, 2021",2021-12-30 20:38:13+00:00,268981,4294,3,Thursday
159,"The Pat McAfee Show | Wednesday December 29th, 2021",2021-12-29 21:20:04+00:00,286618,5788,2,Wednesday
160,"The Pat McAfee Show | Tuesday December 28th, 2021",2021-12-28 20:25:18+00:00,345739,6371,1,Tuesday
161,"The Pat McAfee Show | Monday December 27th, 2021",2021-12-27 21:32:07+00:00,356167,5883,0,Monday
162,"The Pat McAfee Show | Wednesday December 22nd, 2021",2021-12-22 20:45:27+00:00,371608,5177,2,Wednesday
163,"The Pat McAfee Show | Tuesday December 21st, 2021",2021-12-21 21:14:32+00:00,354154,6198,1,Tuesday
164,"The Pat McAfee Show | Monday December 20th, 2021",2021-12-20 20:36:59+00:00,368853,5644,0,Monday
165,"The Pat McAfee Show | Friday December 17th, 2021",2021-12-17 20:18:52+00:00,397725,7699,4,Friday
166,"The Pat McAfee Show | Thursday December 16th, 2021",2021-12-16 20:48:55+00:00,376048,6164,3,Thursday
167,"The Pat McAfee Show | Wednesday December 15th, 2021",2021-12-15 21:15:46+00:00,262562,4519,2,Wednesday
168,"The Pat McAfee Show | Tuesday December 14th, 2021",2021-12-14 20:57:43+00:00,403841,6422,1,Tuesday
169,"The Pat McAfee Show | Monday December 13th, 2021",2021-12-13 20:52:13+00:00,384976,5900,0,Monday
170,"The Pat McAfee Show | Friday December 10th, 2021",2021-12-10 19:20:29+00:00,343425,6539,4,Friday
171,"The Pat McAfee Show | Thursday December 9th, 2021",2021-12-09 19:19:02+00:00,341533,9803,3,Thursday
172,"The Pat McAfee Show | Wednesday December 8th, 2021",2021-12-08 20:48:31+00:00,262101,3895,2,Wednesday
173,"The Pat McAfee Show | Tuesday December 7th, 2021",2021-12-07 20:49:31+00:00,343717,5160,1,Tuesday
174,"The Pat McAfee Show | Monday December 6th, 2021",2021-12-06 21:14:28+00:00,351897,4956,0,Monday
175,"The Pat McAfee Show | Friday December 3rd, 2021",2021-12-03 19:33:05+00:00,265921,4043,4,Friday
176,"The Pat McAfee Show | Thursday December 2nd, 2021",2021-12-02 19:14:20+00:00,242178,3824,3,Thursday
177,"The Pat McAfee Show | Wednesday December 1st, 2021",2021-12-01 20:49:20+00:00,279627,4666,2,Wednesday
178,"The Pat McAfee Show | Tuesday November 30th, 2021",2021-11-30 20:29:43+00:00,343767,6055,1,Tuesday
179,"The Pat McAfee Show | Monday November 29th, 2021",2021-11-29 21:14:51+00:00,327547,5369,0,Monday
180,"The Pat McAfee Show | Friday November 26th, 2021",2021-11-26 19:32:47+00:00,220120,3955,4,Friday
181,"The Pat McAfee Show | Wednesday November 24th, 2021",2021-11-24 20:56:03+00:00,281748,4053,2,Wednesday
182,"The Pat McAfee Show | Tuesday November 23rd, 2021",2021-11-23 20:54:50+00:00,325179,5220,1,Tuesday
183,"The Pat McAfee Show | Monday November 22nd, 2021",2021-11-22 21:22:03+00:00,319354,5085,0,Monday
184,"The Pat McAfee Show | Friday November 19th, 2021",2021-11-19 19:13:38+00:00,273785,4368,4,Friday
185,"The Pat McAfee Show | Thursday November 18th, 2021",2021-11-18 20:53:31+00:00,276600,4240,3,Thursday
186,"The Pat McAfee Show | Wednesday November 17th, 2021",2021-11-17 21:16:48+00:00,355984,4449,2,Wednesday
187,"The Pat McAfee Show | Tuesday November 16th, 2021",2021-11-16 20:46:42+00:00,372872,6286,1,Tuesday
188,"The Pat McAfee Show | Monday November 15th, 2021",2021-11-15 20:52:49+00:00,371084,5570,0,Monday
189,"The Pat McAfee Show | Friday November 12th, 2021",2021-11-12 20:26:51+00:00,309571,4685,4,Friday
190,"The Pat McAfee Show | Thursday November 11th, 2021",2021-11-11 20:55:51+00:00,311047,4747,3,Thursday
191,"The Pat McAfee Show | Wednesday November 10th, 2021",2021-11-10 21:12:06+00:00,282098,4872,2,Wednesday
192,"The Pat McAfee Show | Tuesday November 9th, 2021",2021-11-09 21:10:57+00:00,536761,8299,1,Tuesday
193,"The Pat McAfee Show | Monday November 8th, 2021",2021-11-08 20:53:33+00:00,385119,6133,0,Monday
194,"The Pat McAfee Show | Friday November 5th, 2021",2021-11-05 20:17:14+00:00,637147,14226,4,Friday
195,"The Pat McAfee Show | Thursday November 4th, 2021",2021-11-04 19:30:35+00:00,296535,4805,3,Thursday
196,"The Pat McAfee Show | Wednesday November 3rd, 2021",2021-11-03 19:38:58+00:00,357502,5617,2,Wednesday
197,"The Pat McAfee Show | Tuesday November 2nd, 2021",2021-11-02 20:21:13+00:00,374849,6595,1,Tuesday
198,"The Pat McAfee Show | Monday November 1st, 2021",2021-11-01 22:06:19+00:00,347449,6211,0,Monday
199,"The Pat McAfee Show | Friday October 29th, 2021",2021-10-29 18:10:25+00:00,359243,9161,4,Friday
200,"The Pat McAfee Show | Thursday October 28th, 2021",2021-10-28 19:42:40+00:00,263472,4110,3,Thursday
201,"The Pat McAfee Show | Wednesday October 27th, 2021",2021-10-27 19:59:42+00:00,415144,4873,2,Wednesday
202,"The Pat McAfee Show | Tuesday October 26th, 2021",2021-10-26 19:42:23+00:00,395561,6486,1,Tuesday
203,"The Pat McAfee Show | Monday October 25th, 2021",2021-10-25 20:23:31+00:00,334802,5718,0,Monday
204,"The Pat McAfee Show | Friday October 22nd, 2021",2021-10-22 18:22:55+00:00,281982,4704,4,Friday
205,"The Pat McAfee Show | Thursday October 21st, 2021",2021-10-21 19:31:03+00:00,277163,4194,3,Thursday
206,"The Pat McAfee Show | Wednesday October 20th, 2021",2021-10-20 20:02:34+00:00,295246,4212,2,Wednesday
207,"The Pat McAfee Show | Tuesday October 19th, 2021",2021-10-19 20:07:22+00:00,381942,6689,1,Tuesday
208,"The Pat McAfee Show | Monday October 18th, 2021",2021-10-18 19:51:11+00:00,347641,5713,0,Monday
209,"The Pat McAfee Show | Friday October 15th, 2021",2021-10-15 19:27:45+00:00,273301,4184,4,Friday
210,"The Pat McAfee Show | Thursday October 14th, 2021",2021-10-14 19:26:17+00:00,263862,4295,3,Thursday
211,"The Pat McAfee Show | Wednesday October 13th, 2021",2021-10-13 19:33:50+00:00,284031,5065,2,Wednesday
212,"The Pat McAfee Show | Tuesday October 12th, 2021",2021-10-12 19:34:41+00:00,382579,6462,1,Tuesday
213,"The Pat McAfee Show | Monday October 11th, 2021",2021-10-11 19:38:33+00:00,350384,5650,0,Monday
214,"The Pat McAfee Show | Friday October 8th, 2021",2021-10-08 19:34:56+00:00,329162,5492,4,Friday
215,"The Pat McAfee Show | Thursday October 7th, 2021",2021-10-07 19:23:16+00:00,266300,5351,3,Thursday
216,"The Pat McAfee Show | Wednesday October 6th, 2021",2021-10-06 19:48:57+00:00,250317,4398,2,Wednesday
217,"The Pat McAfee Show | Tuesday October 5th, 2021",2021-10-05 19:58:59+00:00,387444,6100,1,Tuesday
218,"The Pat McAfee Show | Monday October 4th, 2021",2021-10-04 19:38:17+00:00,367817,5810,0,Monday
219,"The Pat McAfee Show | Friday October 1st, 2021",2021-10-01 18:17:06+00:00,258611,3969,4,Friday
220,"The Pat McAfee Show | Thursday September 30th, 2021",2021-09-30 19:39:19+00:00,229836,3755,3,Thursday
221,"The Pat McAfee Show | Wednesday September 29th, 2021",2021-09-29 19:28:47+00:00,234258,3986,2,Wednesday
222,"The Pat McAfee Show | Tuesday September 28th, 2021",2021-09-28 20:05:27+00:00,409358,6636,1,Tuesday
223,"The Pat McAfee Show | Monday September 27th, 2021",2021-09-27 20:10:33+00:00,372274,5626,0,Monday
224,"The Pat McAfee Show | Friday September 24th, 2021",2021-09-24 18:32:18+00:00,256995,4199,4,Friday
225,"The Pat McAfee Show | Thursday September 23rd, 2021",2021-09-23 19:51:39+00:00,259689,3790,3,Thursday
226,"The Pat McAfee Show | Wednesday September 22nd, 2021",2021-09-22 19:38:15+00:00,260472,4265,2,Wednesday
227,"The Pat McAfee Show | Tuesday September 21st, 2021",2021-09-21 19:40:43+00:00,376079,7062,1,Tuesday
228,"The Pat McAfee Show | Monday September 20th, 2021",2021-09-20 20:07:17+00:00,412097,5895,0,Monday
229,"The Pat McAfee Show | Friday September 17th, 2021",2021-09-17 19:45:37+00:00,253807,3983,4,Friday
230,"The Pat McAfee Show | Thursday September 16th, 2021",2021-09-16 20:19:33+00:00,475961,5200,3,Thursday
231,"The Pat McAfee Show | Wednesday September 15th, 2021",2021-09-15 19:44:00+00:00,254333,4101,2,Wednesday
232,"The Pat McAfee Show | Tuesday September 14th, 2021",2021-09-14 19:36:28+00:00,364353,6710,1,Tuesday
233,"The Pat McAfee Show | Monday September 13th, 2021",2021-09-13 19:33:21+00:00,347356,5871,0,Monday
234,"The Pat McAfee Show | Friday September 10th, 2021",2021-09-10 19:13:16+00:00,376809,5077,4,Friday
235,"The Pat McAfee Show | Thursday September 9th, 2021",2021-09-09 19:43:13+00:00,246058,4000,3,Thursday
236,"The Pat McAfee Show | Wednesday September 8th, 2021",2021-09-08 20:07:07+00:00,285118,4034,2,Wednesday
237,"The Pat McAfee Show | Tuesday September 7th, 2021",2021-09-07 19:47:54+00:00,305872,5582,1,Tuesday
238,"The Pat McAfee Show | Monday September 6th, 2021",2021-09-06 19:47:07+00:00,238931,3692,0,Monday
239,"The Pat McAfee Show | Thursday September 2nd, 2021",2021-09-02 19:30:44+00:00,243589,3780,3,Thursday
240,"The Pat McAfee Show | Wednesday September 1st, 2021",2021-09-01 19:24:42+00:00,224469,3726,2,Wednesday
241,"The Pat McAfee Show | Tuesday August 31st, 2021",2021-08-31 20:28:31+00:00,272569,4113,1,Tuesday
242,"The Pat McAfee Show | Monday August 30th, 2021",2021-08-30 19:44:52+00:00,230909,3809,0,Monday
243,"The Pat McAfee Show | Friday August 27th, 2021",2021-08-27 19:27:00+00:00,236862,3495,4,Friday
244,"The Pat McAfee Show | Thursday August 26th, 2021",2021-08-26 19:27:30+00:00,233789,3896,3,Thursday
245,"The Pat McAfee Show | Wednesday August 25th, 2021",2021-08-25 19:37:47+00:00,282160,5149,2,Wednesday
246,"The Pat McAfee Show | Tuesday August 24th, 2021",2021-08-24 19:56:50+00:00,253827,4321,1,Tuesday
247,"The Pat McAfee Show | Monday August 23rd, 2021",2021-08-23 20:32:46+00:00,250150,4042,0,Monday
248,"The Pat McAfee Show | Friday August 20th, 2021",2021-08-20 20:24:04+00:00,302004,4528,4,Friday
249,"The Pat McAfee Show | Thursday August 19th, 2021",2021-08-19 20:03:36+00:00,204155,3189,3,Thursday
250,"The Pat McAfee Show | Wednesday August 18th, 2021",2021-08-18 19:46:24+00:00,204945,3470,2,Wednesday
251,"The Pat McAfee Show | Tuesday August 17th, 2021",2021-08-17 19:50:00+00:00,253890,3873,1,Tuesday
252,"The Pat McAfee Show | Monday August 16th, 2021",2021-08-16 20:21:54+00:00,319044,3954,0,Monday
253,"The Pat McAfee Show | Friday August 13th, 2021",2021-08-13 18:13:37+00:00,235378,6244,4,Friday
254,"The Pat McAfee Show | Thursday August 12th, 2021",2021-08-12 20:02:11+00:00,217872,3523,3,Thursday
255,"The Pat McAfee Show | Wednesday August 11th, 2021",2021-08-11 20:22:35+00:00,298599,3551,2,Wednesday
256,"The Pat McAfee Show | Tuesday August 10th, 2021",2021-08-10 20:02:32+00:00,270036,3718,1,Tuesday
257,"The Pat McAfee Show | Monday August 9th, 2021",2021-08-09 19:58:45+00:00,259933,4158,0,Monday
258,"The Pat McAfee Show | Friday August 6th, 2021",2021-08-06 19:25:53+00:00,531790,4423,4,Friday
259,"The Pat McAfee Show | Thursday August 5th, 2021",2021-08-05 20:01:13+00:00,263816,3576,3,Thursday
260,"The Pat McAfee Show | Wednesday August 4th, 2021",2021-08-04 19:45:58+00:00,213040,3401,2,Wednesday
261,"The Pat McAfee Show | Tuesday August 3rd, 2021",2021-08-03 19:53:05+00:00,248473,3842,1,Tuesday
262,"The Pat McAfee Show | Monday August 2nd, 2021",2021-08-02 19:46:37+00:00,231065,3695,0,Monday
263,"The Pat McAfee Show | Friday July 30th, 2021",2021-07-30 18:23:54+00:00,233878,3782,4,Friday
264,"The Pat McAfee Show | Thursday July 29th, 2021",2021-07-29 19:34:33+00:00,220578,3820,3,Thursday
265,"The Pat McAfee Show | Wednesday July 28th, 2021",2021-07-28 20:00:55+00:00,261703,3672,2,Wednesday
266,"The Pat McAfee Show | Tuesday July 27th, 2021",2021-07-27 20:31:19+00:00,236231,4046,1,Tuesday
267,"The Pat McAfee Show | Monday July 26th, 2021",2021-07-26 19:50:09+00:00,293974,3941,0,Monday
268,"The Pat McAfee Show | Friday July 23rd, 2021",2021-07-23 19:19:12+00:00,213707,3295,4,Friday
269,"The Pat McAfee Show | Thursday July 22nd, 2021",2021-07-22 20:14:50+00:00,277603,3412,3,Thursday
270,"The Pat McAfee Show | Wednesday July 21st, 2021",2021-07-21 19:10:21+00:00,220317,3606,2,Wednesday
271,"The Pat McAfee Show | Tuesday July 20th, 2021",2021-07-20 20:02:42+00:00,285930,3507,1,Tuesday
272,"The Pat McAfee Show | Monday July 19th, 2021",2021-07-19 19:51:54+00:00,248147,3783,0,Monday
273,"The Pat McAfee Show | Friday July 16th, 2021",2021-07-16 19:40:51+00:00,332765,5567,4,Friday
274,"The Pat McAfee Show | Thursday July 15th, 2021",2021-07-15 19:36:48+00:00,196976,3064,3,Thursday
275,"The Pat McAfee Show | Wednesday July 14th, 2021",2021-07-14 20:18:28+00:00,183671,3114,2,Wednesday
276,"The Pat McAfee Show | Tuesday July 13th, 2021",2021-07-13 19:53:03+00:00,238707,3727,1,Tuesday
277,"The Pat McAfee Show | Monday July 12th, 2021",2021-07-12 20:10:51+00:00,301330,3459,0,Monday
278,"The Pat McAfee Show | Friday July 9th, 2021",2021-07-09 19:46:31+00:00,229105,3347,4,Friday
279,"The Pat McAfee Show | Thursday July 8th, 2021",2021-07-08 20:58:39+00:00,174126,3035,3,Thursday
280,"The Pat McAfee Show | Wednesday July 7th, 2021",2021-07-07 19:56:06+00:00,218623,3732,2,Wednesday
281,"The Pat McAfee Show | Tuesday July 6th, 2021",2021-07-06 20:01:17+00:00,216207,4045,1,Tuesday
282,"The Pat McAfee Show | Monday July 5th, 2021 (Re-upload)",2021-07-05 23:41:12+00:00,46653,612,0,Monday
283,"The Pat McAfee Show | Monday July 5th, 2021",2021-07-05 19:08:26+00:00,184770,3470,0,Monday
284,"The Pat McAfee Show | Thursday June 24th, 2021",2021-06-24 19:42:40+00:00,253152,3642,3,Thursday
285,"The Pat McAfee Show | Wednesday June 23rd, 2021",2021-06-23 20:04:54+00:00,225605,3284,2,Wednesday
286,"The Pat McAfee Show | Tuesday June 22nd, 2021",2021-06-22 19:36:34+00:00,203682,3329,1,Tuesday
287,"The Pat McAfee Show | Monday June 21st, 2021",2021-06-21 19:46:12+00:00,228730,3432,0,Monday
288,"The Pat McAfee Show | Friday June 18th, 2021",2021-06-18 19:17:11+00:00,187904,3281,4,Friday
289,"The Pat McAfee Show | Thursday June 17th, 2021",2021-06-17 19:27:39+00:00,187598,3017,3,Thursday
290,"The Pat McAfee Show | Wednesday June 16th, 2021",2021-06-16 20:00:25+00:00,199375,3096,2,Wednesday
291,"The Pat McAfee Show | Tuesday June 15th, 2021",2021-06-15 20:11:36+00:00,264765,3992,1,Tuesday
292,"The Pat McAfee Show | Monday June 14th, 2021",2021-06-14 20:31:03+00:00,555742,4557,0,Monday
293,"The Pat McAfee Show | Friday June 11th, 2021",2021-06-11 19:14:50+00:00,217641,3367,4,Friday
294,"The Pat McAfee Show | Thursday June 10th, 2021",2021-06-10 20:59:30+00:00,447617,4087,3,Thursday
295,"The Pat McAfee Show | Wednesday June 9th, 2021",2021-06-09 19:41:02+00:00,242899,3773,2,Wednesday
296,"The Pat McAfee Show | Tuesday June 8th, 2021",2021-06-08 19:48:49+00:00,249945,3724,1,Tuesday
297,"The Pat McAfee Show | Friday June 4th, 2021",2021-06-04 19:12:09+00:00,222436,3509,4,Friday
298,"The Pat McAfee Show | Thursday June 3rd, 2021",2021-06-03 19:40:10+00:00,223027,3531,3,Thursday
299,"The Pat McAfee Show | Wednesday June 2nd, 2021",2021-06-02 23:32:12+00:00,232113,3661,2,Wednesday
300,"The Pat McAfee Show | Tuesday June 1st, 2021",2021-06-01 20:12:09+00:00,249692,3974,1,Tuesday
301,"The Pat McAfee Show | Friday May 28th, 2021",2021-05-28 19:17:17+00:00,241100,3646,4,Friday
302,"The Pat McAfee Show | Thursday May 27th, 2021",2021-05-27 20:02:17+00:00,244144,3658,3,Thursday
303,"The Pat McAfee Show | Wednesday May 26th, 2021 (FULL SHOW)",2021-05-27 02:13:14+00:00,4766,81,3,Thursday
304,"The Pat McAfee Show | Wednesday May 26th, 2021",2021-05-26 20:31:42+00:00,214555,3802,2,Wednesday
305,"The Pat McAfee Show | Wednesday May 26th, 2021",2021-05-26 16:56:14+00:00,112815,1650,2,Wednesday
306,"The Pat McAfee Show | Tuesday May 25th, 2021",2021-05-25 20:24:33+00:00,605151,4711,1,Tuesday
307,"The Pat McAfee Show | Monday May 24th, 2021",2021-05-24 20:35:45+00:00,494427,4232,0,Monday
308,"The Pat McAfee Show | Friday May 21st, 2021",2021-05-21 19:40:44+00:00,235863,3652,4,Friday
309,"The Pat McAfee Show | Thursday May 20th, 2021",2021-05-20 19:43:13+00:00,247574,4100,3,Thursday
310,"The Pat McAfee Show | Wednesday May 19th, 2021",2021-05-19 20:10:34+00:00,260648,3911,2,Wednesday
311,"The Pat McAfee Show | Tuesday May 18th, 2021",2021-05-18 20:16:16+00:00,380508,4522,1,Tuesday
312,"The Pat McAfee Show | Monday May 17th, 2021",2021-05-17 19:59:11+00:00,282909,4358,0,Monday
313,"The Pat McAfee Show | Friday May 14th, 2021",2021-05-14 19:10:23+00:00,282425,4183,4,Friday
314,"The Pat McAfee Show | Thursday May 13th, 2021",2021-05-13 20:20:37+00:00,259482,4676,3,Thursday
315,"The Pat McAfee Show | Wednesday May 12th, 2021",2021-05-12 19:39:53+00:00,267318,4430,2,Wednesday
316,"The Pat McAfee Show | Tuesday May 11th, 2021",2021-05-11 19:59:49+00:00,270167,4163,1,Tuesday
317,"The Pat McAfee Show | Monday May 10th, 2021",2021-05-10 21:46:56+00:00,432995,4718,0,Monday
318,"The Pat McAfee Show | Friday May 7th, 2021",2021-05-07 19:35:18+00:00,305368,4699,4,Friday
319,"The Pat McAfee Show | Thursday May 6th, 2021",2021-05-06 19:53:07+00:00,283850,4911,3,Thursday
320,"The Pat McAfee Show | Wednesday May 5th, 2021",2021-05-05 19:36:35+00:00,294109,4896,2,Wednesday
321,"The Pat McAfee Show | Tuesday May 4th, 2021",2021-05-04 19:52:27+00:00,313637,5040,1,Tuesday
322,"The Pat McAfee Show | Monday May 3rd, 2021",2021-05-03 19:31:33+00:00,360939,6209,0,Monday
323,"The Pat McAfee Show | Friday April 30th, 2021",2021-04-30 19:42:11+00:00,407224,6188,4,Friday
324,"Pat McAfee's Draft Spectacular | April 29th, 2021",2021-04-30 04:30:08+00:00,1295791,33792,4,Friday
325,"The Pat McAfee Show | Thursday April 29th, 2021",2021-04-29 19:51:11+00:00,362353,6510,3,Thursday
326,"The Pat McAfee Show | Wednesday April 28th, 2021",2021-04-28 20:23:35+00:00,428734,4557,2,Wednesday
327,"The Pat McAfee Show | Tuesday April 27th, 2021",2021-04-27 20:07:24+00:00,317278,4252,1,Tuesday
328,"The Pat McAfee Show | Monday April 26th, 2021",2021-04-26 19:57:20+00:00,328151,4404,0,Monday
329,"The Pat McAfee Show | Friday April 23rd, 2021",2021-04-23 19:30:06+00:00,229802,3532,4,Friday
330,"The Pat McAfee Show | Thursday April 22nd, 2021",2021-04-22 20:04:56+00:00,260719,3503,3,Thursday
331,"The Pat McAfee Show | Wednesday April 21st, 2021",2021-04-21 19:41:58+00:00,253239,3955,2,Wednesday
332,"The Pat McAfee Show | Tuesday April 20th, 2021",2021-04-20 19:55:37+00:00,348141,4512,1,Tuesday
333,"The Pat McAfee Show | Monday April 19th, 2021",2021-04-19 19:46:40+00:00,268205,4235,0,Monday
334,"The Pat McAfee Show | Friday April 16th, 2021",2021-04-16 19:12:13+00:00,287383,4494,4,Friday
335,"The Pat McAfee Show | Thursday April 15th, 2021",2021-04-15 20:19:53+00:00,456526,4862,3,Thursday
336,"The Pat McAfee Show | Wednesday April 14th, 2021",2021-04-14 20:06:01+00:00,337107,4473,2,Wednesday
337,"The Pat McAfee Show | Tuesday April 13th, 2021",2021-04-13 20:12:33+00:00,456103,4048,1,Tuesday
338,"The Pat McAfee Show | Monday April 12th, 2021",2021-04-12 19:53:47+00:00,275811,3969,0,Monday
339,"The Pat McAfee Show | Monday, February 17th",2021-04-09 18:10:45+00:00,36702,472,4,Friday
340,"The Pat McAfee Show | Thursday, February 20th",2021-04-09 18:11:05+00:00,25126,395,4,Friday
341,"The Pat McAfee Show | Friday April 9th, 2021",2021-04-09 19:31:06+00:00,269043,4294,4,Friday
342,"The Pat McAfee Show | Thursday April 8th, 2021",2021-04-08 20:01:43+00:00,271614,3941,3,Thursday
343,"The Pat McAfee Show | Wednesday April 7th, 2021",2021-04-07 20:05:33+00:00,453786,4823,2,Wednesday
344,"The Pat McAfee Show | Tuesday April 6th, 2021",2021-04-06 20:03:44+00:00,324869,4745,1,Tuesday
345,"The Pat McAfee Show | Monday April 5th, 2021",2021-04-05 19:36:23+00:00,317600,5166,0,Monday
346,"The Pat McAfee Show | Friday April 2nd, 2021",2021-04-02 20:09:49+00:00,334619,4665,4,Friday
347,"The Pat McAfee Show | Thursday April 1st, 2021",2021-04-01 20:22:49+00:00,425605,4767,3,Thursday
348,"The Pat McAfee Show | Wednesday March 31st, 2021",2021-03-31 20:02:36+00:00,307158,4818,2,Wednesday
349,"The Pat McAfee Show | Tuesday March 30th, 2021",2021-03-30 20:15:16+00:00,401601,4985,1,Tuesday
350,"The Pat McAfee Show | Monday March 29th, 2021",2021-03-29 20:03:00+00:00,306296,4747,0,Monday
351,"The Pat McAfee Show | Friday March 26th, 2021",2021-03-26 20:35:20+00:00,310326,5573,4,Friday
352,"The Pat McAfee Show | Thursday March 25th, 2021",2021-03-25 20:12:13+00:00,446096,5045,3,Thursday
353,"The Pat McAfee Show | Wednesday March 24th, 2021",2021-03-24 19:45:25+00:00,324182,5376,2,Wednesday
354,"The Pat McAfee Show | Tuesday March 23rd, 2021",2021-03-23 20:42:17+00:00,291758,5206,1,Tuesday
355,"The Pat McAfee Show | Monday March 22nd, 2021",2021-03-22 20:24:51+00:00,312612,5479,0,Monday
356,"The Pat McAfee Show | Friday March 19th, 2021",2021-03-19 20:33:37+00:00,882904,8993,4,Friday
357,"The Pat McAfee Show | Thursday March 18th, 2021",2021-03-18 20:23:15+00:00,573097,6110,3,Thursday
358,"The Pat McAfee Show | Wednesday March 17th, 2021",2021-03-17 20:48:53+00:00,541290,6359,2,Wednesday
359,"The Pat McAfee Show | Tuesday March 16th, 2021",2021-03-16 19:59:55+00:00,375449,6799,1,Tuesday
360,"The Pat McAfee Show | Monday March 15th, 2021",2021-03-15 20:02:55+00:00,421896,7453,0,Monday
361,"The Pat McAfee Show | Friday March 12th, 2021",2021-03-12 20:35:22+00:00,340277,5491,4,Friday
362,"The Pat McAfee Show | Thursday March 11th, 2021",2021-03-11 21:19:13+00:00,435967,4731,3,Thursday
363,"The Pat McAfee Show | Wednesday March 10th, 2021",2021-03-10 21:17:20+00:00,422055,4782,2,Wednesday
364,"The Pat McAfee Show | Tuesday March 9th, 2021",2021-03-09 21:12:09+00:00,570485,5359,1,Tuesday
365,"The Pat McAfee Show | Monday March 8th, 2021",2021-03-08 20:18:27+00:00,273421,4745,0,Monday
366,"The Pat McAfee Show | Friday March 5th, 2021",2021-03-05 20:34:45+00:00,292801,4584,4,Friday
367,"The Pat McAfee Show | Thursday March 4th, 2021",2021-03-04 20:51:19+00:00,289107,4459,3,Thursday
368,"The Pat McAfee Show | Wednesday March 3rd, 2021",2021-03-03 20:54:04+00:00,468898,5430,2,Wednesday
369,"The Pat McAfee Show | Tuesday March 2nd, 2021",2021-03-02 20:36:31+00:00,387409,4524,1,Tuesday
370,Pat McAfee Reacts To JJ Watt Signing With The Arizona Cardinals,2021-03-01 18:03:18+00:00,564589,11312,0,Monday
371,"The Pat McAfee Show | Monday March 1st, 2021",2021-03-01 20:37:12+00:00,324150,5323,0,Monday
372,"The Pat McAfee Show | Friday February 26th, 2021",2021-02-26 21:00:23+00:00,311030,4715,4,Friday
373,"The Pat McAfee Show | Thursday February 25th, 2021",2021-02-25 21:14:24+00:00,396705,5481,3,Thursday
374,"The Pat McAfee Show | Tuesday February 23rd, 2021",2021-02-23 21:20:06+00:00,416472,5664,1,Tuesday
375,"The Pat McAfee Show | Monday February 22nd, 2021",2021-02-22 20:20:45+00:00,318362,5600,0,Monday
376,"The Pat McAfee Show | Thursday February 18th, 2021",2021-02-18 20:40:32+00:00,526122,11390,3,Thursday
377,"The Pat McAfee Show | Wednesday February 17th, 2021",2021-02-17 20:42:33+00:00,281690,4836,2,Wednesday
378,"The Pat McAfee Show | Tuesday February 16th, 2021",2021-02-16 21:10:41+00:00,453774,5239,1,Tuesday
379,"The Pat McAfee Show | Monday February 15th, 2021",2021-02-15 20:47:54+00:00,309858,4979,0,Monday
380,"The Pat McAfee Show | Friday, February 12th, 2021",2021-02-12 21:23:27+00:00,336832,5835,4,Friday
381,"The Pat McAfee Show | Thursday February 11th, 2021",2021-02-11 21:25:43+00:00,289385,5350,3,Thursday
382,"The Pat McAfee Show | Wednesday February 10th, 2021",2021-02-10 20:50:56+00:00,371201,5385,2,Wednesday
383,"The Pat McAfee Show | Tuesday February 9th, 2021",2021-02-09 21:15:40+00:00,552807,6567,1,Tuesday
384,"The Pat McAfee Show | Monday February 8th, 2021",2021-02-08 20:36:54+00:00,698853,10103,0,Monday
385,Countdown To Kickoff Celebration Super Show | The Pat McAfee Show,2021-02-07 23:53:27+00:00,558866,15419,6,Sunday
386,"The Pat McAfee Show | Friday February 5th, 2021",2021-02-05 20:33:57+00:00,330286,5641,4,Friday
387,"The Pat McAfee Show | Thursday February 4th, 2021",2021-02-04 21:11:05+00:00,358529,6098,3,Thursday
388,"The Pat McAfee Show | Wednesday February 3rd, 2021",2021-02-03 20:46:25+00:00,323886,6321,2,Wednesday
389,"The Pat McAfee Show | Tuesday February 2nd, 2021",2021-02-02 20:43:31+00:00,390604,6431,1,Tuesday
390,"The Pat McAfee Show | Monday February 1st, 2021",2021-02-01 20:49:58+00:00,574700,7255,0,Monday
391,"The Pat McAfee Show | Friday January 29th, 2021",2021-01-29 20:43:22+00:00,362568,5944,4,Friday
392,"The Pat McAfee Show | Thursday January 28th, 2021",2021-01-28 20:37:34+00:00,507460,6301,3,Thursday
393,"The Pat McAfee Show | Tuesday January 26th, 2021",2021-01-26 20:29:26+00:00,691144,16250,1,Tuesday
394,"The Pat McAfee Show | Monday January 25th, 2021",2021-01-25 20:17:04+00:00,432106,11382,0,Monday
395,"The Pat McAfee Show | Friday January 22nd, 2021",2021-01-22 20:32:37+00:00,368802,6011,4,Friday
396,"The Pat McAfee Show | Thursday January 21st, 2021",2021-01-21 20:19:06+00:00,330869,5928,3,Thursday
397,"The Pat McAfee Show | Wednesday January 20th, 2021",2021-01-20 20:31:30+00:00,323407,5491,2,Wednesday
398,"The Pat McAfee Show | Monday January 18th, 2021",2021-01-18 20:34:30+00:00,397323,7125,0,Monday
399,"The Pat McAfee Show | Friday January 15th, 2021",2021-01-15 20:41:22+00:00,363903,6107,4,Friday
400,"The Pat McAfee Show | Thursday January 14th, 2021",2021-01-14 20:52:16+00:00,333360,5900,3,Thursday
401,"The Pat McAfee Show | Wednesday January  13th, 2021",2021-01-13 20:31:17+00:00,360816,6101,2,Wednesday
402,"The Pat McAfee Show | Tuesday January 12th, 2021",2021-01-12 20:48:03+00:00,669746,9687,1,Tuesday
403,"The Pat McAfee Show | Monday January 11th, 2021",2021-01-11 20:20:21+00:00,505393,11518,0,Monday
404,The Pat McAfee Show | Friday January 8th. 2021,2021-01-08 20:31:37+00:00,388249,5968,4,Friday
405,"The Pat McAfee Show | Thursday January 7th, 2021",2021-01-07 20:11:54+00:00,357465,6872,3,Thursday
406,"The Pat McAfee Show | Wednesday January 6th, 2021",2021-01-06 20:16:27+00:00,287900,5343,2,Wednesday
407,"The Pat McAfee Show | Tuesday January 5th, 2021",2021-01-05 20:27:50+00:00,451358,10390,1,Tuesday
408,"The Pat McAfee Show | Monday January 4th, 2021",2021-01-04 20:10:30+00:00,408705,8380,0,Monday
409,"The Pat McAfee Show | Thursday December 31st, 2020",2020-12-31 20:42:14+00:00,274046,6245,3,Thursday
410,"The Pat McAfee Show | Wednesday December 30th, 2020",2020-12-30 21:08:59+00:00,304887,8222,2,Wednesday
411,"The Pat McAfee Show | Tuesday December 29th, 2020",2020-12-29 20:50:18+00:00,492589,16579,1,Tuesday
412,"The Pat McAfee Show | Monday December 28th, 2020",2020-12-28 20:21:59+00:00,321000,5874,0,Monday
413,"The Pat McAfee Show | Wednesday December 23rd, 2020",2020-12-23 20:21:00+00:00,249765,3824,2,Wednesday
414,"The Pat McAfee Show | Tuesday December 22nd, 2020",2020-12-22 20:43:15+00:00,314878,5977,1,Tuesday
415,"The Pat McAfee Show | Monday December 21st, 2020",2020-12-21 20:11:04+00:00,250806,4100,0,Monday
416,"The Pat McAfee Show | Friday December 18th, 2020",2020-12-18 20:48:56+00:00,248929,4316,4,Friday
417,"The Pat McAfee Show | Thursday December 17th, 2020",2020-12-17 20:31:46+00:00,192174,3213,3,Thursday
418,"The Pat McAfee Show | Wednesday December 16th, 2020",2020-12-16 20:34:42+00:00,184889,3549,2,Wednesday
419,"The Pat McAfee Show | Tuesday December 15th, 2020",2020-12-15 20:34:41+00:00,293412,5486,1,Tuesday
420,"The Pat McAfee Show | Monday December 14th, 2020",2020-12-14 20:14:58+00:00,243430,3615,0,Monday
421,"The Pat McAfee Show | Friday December 11th, 2020",2020-12-11 20:16:43+00:00,257122,4406,4,Friday
422,"The Pat McAfee Show | Thursday December 10th, 2020",2020-12-10 20:14:44+00:00,182538,3326,3,Thursday
423,"The Pat McAfee Show | Wednesday December 9th, 2020",2020-12-09 20:14:47+00:00,208740,3288,2,Wednesday
424,"The Pat McAfee Show | Tuesday December  8th, 2020",2020-12-08 20:12:55+00:00,285518,5437,1,Tuesday
425,"The Pat McAfee Show | Monday December 7th, 2020",2020-12-07 20:16:51+00:00,268046,4457,0,Monday
426,"The Pat McAfee Show | Friday December 4th, 2020",2020-12-04 20:16:40+00:00,223670,3599,4,Friday
427,"The Pat McAfee Show | Thursday December 3rd, 2020",2020-12-03 20:39:15+00:00,196867,2917,3,Thursday
428,"The Pat McAfee Show | Wednesday December 2nd, 2020",2020-12-02 20:35:19+00:00,174363,3125,2,Wednesday
429,"The Pat McAfee Show | Tuesday December 1st, 2020",2020-12-01 21:17:10+00:00,331259,5062,1,Tuesday
430,"The Pat McAfee Show | Monday November 30th, 2020",2020-11-30 20:39:59+00:00,267102,4301,0,Monday
431,"The Pat McAfee Show | Friday November 27th, 2020",2020-11-27 20:42:43+00:00,234553,3746,4,Friday
432,"The Pat McAfee Show | Wednesday November 25th, 2020",2020-11-25 20:27:06+00:00,196338,3591,2,Wednesday
433,"The Pat McAfee Show | Tuesday November 24th, 2020",2020-11-24 20:51:37+00:00,268439,4711,1,Tuesday
434,"The Pat McAfee Show | Monday November 23rd, 2020",2020-11-23 20:18:15+00:00,260041,4041,0,Monday
435,"The Pat McAfee Show | Friday November 20th, 2020",2020-11-20 20:35:41+00:00,226453,3306,4,Friday
436,"The Pat McAfee Show | Thursday November 19th, 2020",2020-11-19 20:20:30+00:00,180697,3024,3,Thursday
437,"The Pat McAfee Show | Wednesday November 18th, 2020",2020-11-18 20:24:36+00:00,178828,3000,2,Wednesday
438,"The Pat McAfee Show | Tuesday November 17th, 2020",2020-11-17 20:28:16+00:00,267435,4884,1,Tuesday
439,"The Pat McAfee Show | Monday November 16th, 2020",2020-11-16 20:21:35+00:00,232836,3691,0,Monday
440,"The Pat McAfee Show | Friday November 13th, 2020",2020-11-13 20:18:53+00:00,202773,3010,4,Friday
441,"The Pat McAfee Show | Thursday November 12th, 2020",2020-11-12 20:24:29+00:00,172996,2870,3,Thursday
442,"The Pat McAfee Show | Wednesday November 11th, 2020",2020-11-11 20:23:57+00:00,187682,3149,2,Wednesday
443,"The Pat McAfee Show | Tuesday November 10th, 2020",2020-11-10 20:36:16+00:00,253541,4622,1,Tuesday
444,"The Pat McAfee Show | Monday November 9th, 2020",2020-11-09 20:29:08+00:00,235747,3858,0,Monday
445,"The Pat McAfee Show | Friday November 6th, 2020",2020-11-06 20:34:52+00:00,218403,3882,4,Friday
446,"The Pat McAfee Show | Thursday November 5th, 2020",2020-11-05 20:30:15+00:00,192946,3136,3,Thursday
447,"The Pat McAfee Show | Wednesday November 4th, 2020",2020-11-04 20:19:16+00:00,198155,3171,2,Wednesday
448,"The Pat McAfee Show | November 3rd, 2020",2020-11-03 20:18:19+00:00,248024,3792,1,Tuesday
449,"The Pat McAfee Show | Monday November 2nd, 2020",2020-11-02 20:16:51+00:00,222593,4031,0,Monday
450,"The Pat McAfee Show | Friday October 30th, 2020",2020-10-30 19:21:42+00:00,191684,3200,4,Friday
451,"The Pat McAfee Show | Thursday October 29th, 2020",2020-10-29 19:15:32+00:00,190920,3374,3,Thursday
452,"The Pat McAfee Show | Wednesday October 28th, 2020",2020-10-28 19:39:59+00:00,191208,3201,2,Wednesday
453,"The Pat McAfee Show | Tuesday October 27th, 2020",2020-10-27 20:00:00+00:00,311529,2826,1,Tuesday
454,"The Pat McAfee Show | Monday October 26th, 2020",2020-10-26 19:52:54+00:00,309775,5605,0,Monday
455,"The Pat McAfee Show | Friday October 23rd, 2020",2020-10-23 19:17:23+00:00,214956,3422,4,Friday
456,"The Pat McAfee Show | Thursday October 22nd, 2020",2020-10-22 19:27:57+00:00,220193,3824,3,Thursday
457,"The Pat McAfee Show | Wednesday October 21st, 2020",2020-10-21 19:32:03+00:00,189620,3260,2,Wednesday
458,"The Pat McAfee Show | Tuesday October 20th, 2020",2020-10-20 19:16:26+00:00,270881,5327,1,Tuesday
459,"The Pat McAfee Show | Monday October 19th, 2020",2020-10-19 19:23:30+00:00,255211,4081,0,Monday
460,"The Pat McAfee Show | October 16th, 2020",2020-10-16 19:22:29+00:00,247064,3649,4,Friday
461,"The Pat McAfee Show | Thursday October 15th, 2020",2020-10-15 19:29:16+00:00,184545,3298,3,Thursday
462,"The Pat McAfee Show | Wednesday October 14th, 2020",2020-10-14 19:20:47+00:00,197944,3569,2,Wednesday
463,"The Pat McAfee Show | October 13th, 2020",2020-10-13 19:27:53+00:00,291133,5477,1,Tuesday
464,"The Pat McAfee Show | October 12th, 2020",2020-10-12 19:16:17+00:00,282702,4763,0,Monday
465,"The Pat McAfee Show | Friday October 9th, 2020",2020-10-09 19:28:59+00:00,216900,4090,4,Friday
466,"The Pat McAfee Show | Thursday October 8th, 2020",2020-10-08 19:19:12+00:00,203635,3558,3,Thursday
467,"You Got Us To 1 Million Subs, We Want To Give You $100,000",2020-10-07 16:40:18+00:00,78052,4907,2,Wednesday
468,"The Pat McAfee Show | Wednesday October 7th, 2020",2020-10-07 19:47:22+00:00,229906,4224,2,Wednesday
469,"The Pat McAfee Show | Tuesday October 6th, 2020",2020-10-06 19:53:43+00:00,373524,7505,1,Tuesday
470,"The Pat McAfee Show | Monday October 5th, 2020",2020-10-05 19:26:01+00:00,222158,5582,0,Monday
471,"The Pat McAfee Show | October 2nd, 2020",2020-10-02 19:35:15+00:00,191197,3365,4,Friday
472,"The Pat McAfee Show | Thursday October 1st, 2020",2020-10-01 19:37:48+00:00,179988,3165,3,Thursday
473,"The Pat McAfee Show | Wednesday September 30th, 2020",2020-09-30 19:34:12+00:00,211194,3616,2,Wednesday
474,"The Pat McAfee Show | Tuesday September 29th, 2020",2020-09-29 19:39:30+00:00,284542,6182,1,Tuesday
475,"The Pat McAfee Show | Monday September 28th, 2020",2020-09-28 19:40:35+00:00,247078,4393,0,Monday
476,"The Pat McAfee Show | Friday September 25th, 2020",2020-09-25 19:15:26+00:00,165402,3154,4,Friday
477,"The Pat McAfee Show | Thursday September 24th, 2020",2020-09-24 19:17:44+00:00,191491,3404,3,Thursday
478,"The Pat McAfee Show | Wednesday September 23rd, 2020",2020-09-23 19:20:18+00:00,194880,3552,2,Wednesday
479,"The Pat McAfee Show | Tuesday September 22nd, 2020",2020-09-22 20:32:41+00:00,488614,3584,1,Tuesday
480,"The Pat McAfee Show | Monday September 21st, 2020",2020-09-21 19:17:44+00:00,266627,5277,0,Monday
481,"The Pat McAfee Show | Friday September 18th, 2020",2020-09-18 19:31:54+00:00,184724,3699,4,Friday
482,"The Pat McAfee Show | Thursday September 17th, 2020",2020-09-17 19:16:04+00:00,167207,5302,3,Thursday
483,"The Pat McAfee Show | Wednesday September 16th, 2020",2020-09-16 19:19:49+00:00,193396,3474,2,Wednesday
484,"The Pat McAfee Show | Tuesday September 15th, 2020",2020-09-15 19:34:42+00:00,293006,5817,1,Tuesday
485,"The Pat McAfee Show | Monday September 14th, 2020",2020-09-14 19:17:45+00:00,288539,5904,0,Monday
486,"The Pat McAfee Show | Friday September 11th, 2020",2020-09-11 19:21:21+00:00,214305,4109,4,Friday
487,"The Pat McAfee Show | Thursday September 10th, 2020",2020-09-10 19:48:42+00:00,212793,3934,3,Thursday
488,"The Pat McAfee Show | Wednesday September 9th, 2020",2020-09-09 20:06:56+00:00,222659,5471,2,Wednesday
489,"The Pat McAfee Show | Tuesday September 8th, 2020",2020-09-08 17:39:23+00:00,153619,2972,1,Tuesday
490,"The Pat McAfee Show | Friday September 4th, 2020",2020-09-04 19:31:31+00:00,177974,3136,4,Friday
491,"The Pat McAfee Show | Thursday September 3rd, 2020",2020-09-03 19:26:46+00:00,175853,3459,3,Thursday
492,"The Pat McAfee Show | September 2nd, 2020",2020-09-02 18:46:45+00:00,150078,3154,2,Wednesday
493,"The Pat McAfee Show | September 1st, 2020",2020-09-01 19:26:00+00:00,172645,3389,1,Tuesday
494,"The Pat McAfee Show | Monday August 31, 2020",2020-08-31 19:38:16+00:00,171810,4107,0,Monday
495,"The Pat McAfee Show | Friday August 28th, 2020",2020-08-28 16:12:30+00:00,108666,2017,4,Friday
496,"The Pat McAfee Show | Thursday August 27, 2020",2020-08-27 16:06:37+00:00,107970,2194,3,Thursday
497,Pat McAfee Was Kicked Out Of A NBA Virtual Crowd for the Rockets vs Mavericks.,2020-08-26 17:15:03+00:00,432324,7960,2,Wednesday
498,"The Pat McAfee Show | Wednesday August 26th, 2020",2020-08-26 16:22:18+00:00,107482,2420,2,Wednesday
499,"The Pat McAfee Show | Tuesday August 25th, 2020",2020-08-25 16:08:45+00:00,93583,2187,1,Tuesday
500,"The Pat McAfee Show | Monday August 24th, 2020",2020-08-24 17:00:24+00:00,165074,5327,0,Monday
501,"The Pat McAfee Show | Friday August 21st, 2020",2020-08-21 17:22:43+00:00,120483,2434,4,Friday
502,"The Pat McAfee Show | Thursday August 20th, 2020",2020-08-20 16:44:55+00:00,109511,2071,3,Thursday
503,"The Pat McAfee Show | Wednesday August 19th, 2020",2020-08-19 16:52:42+00:00,106494,2461,2,Wednesday
504,"The Pat McAfee Show | Tuesday August 18th, 2020",2020-08-18 17:14:07+00:00,125281,2310,1,Tuesday
505,"The Pat McAfee Show | Monday August 17th, 2020",2020-08-17 17:03:41+00:00,118295,2491,0,Monday
506,"The Pat McAfee Show | Friday August 14th, 2020",2020-08-14 17:42:25+00:00,134907,2883,4,Friday
507,"The Pat McAfee Show | Thursday August 13th, 2020",2020-08-13 16:36:20+00:00,131526,2428,3,Thursday
508,"The Pat McAfee Show | Wednesday August 12th, 2020",2020-08-12 16:13:53+00:00,114994,2384,2,Wednesday
509,"The Pat McAfee Show | Tuesday August 11th, 2020",2020-08-11 16:22:11+00:00,136223,2721,1,Tuesday
510,"The Pat McAfee Show | Monday August 10th, 2020",2020-08-10 16:32:09+00:00,161460,3225,0,Monday
511,"The Pat McAfee Show | Thursday July 30th, 2020",2020-07-30 16:20:21+00:00,188676,5771,3,Thursday
512,"The Pat McAfee Show | Wednesday July 29th, 2020",2020-07-29 16:16:53+00:00,160989,3481,2,Wednesday
513,"The Pat McAfee Show | Tuesday July 28th, 2020",2020-07-28 16:03:47+00:00,135742,3201,1,Tuesday
514,"The Pat McAfee Show | Monday July 27th, 2020",2020-07-27 16:23:58+00:00,161097,3235,0,Monday
515,"The Pat McAfee Show | Friday July 24th, 2020",2020-07-24 16:10:04+00:00,173115,3221,4,Friday
516,Pat McAfee's Opening Day Watch Along,2020-07-24 01:42:18+00:00,186271,3751,4,Friday
517,"The Pat McAfee Show | Thursday July 23rd, 2020",2020-07-23 16:17:12+00:00,247871,3813,3,Thursday
518,"The Pat McAfee Show | Wednesday July 22nd, 2020",2020-07-22 16:28:30+00:00,153933,3043,2,Wednesday
519,"The Pat McAfee Show | Tuesday July 21st, 2020",2020-07-21 16:03:56+00:00,146709,2568,1,Tuesday
520,"The Pat McAfee Show | Monday July 20th, 2020",2020-07-20 16:13:46+00:00,133981,2578,0,Monday
521,"The Pat McAfee Show | Friday July 17th, 2020",2020-07-17 16:13:11+00:00,158557,3149,4,Friday
522,"The Pat McAfee Show | Thursday July 16th, 2020",2020-07-16 16:03:32+00:00,148465,2248,3,Thursday
523,"The Pat McAfee Show | Wednesday July 15th, 2020",2020-07-15 16:11:50+00:00,121117,2314,2,Wednesday
524,The Pat McAfee Show | Tuesday July 14th,2020-07-14 16:03:49+00:00,121381,2137,1,Tuesday
525,"The Pat McAfee Show | Monday July 13th, 2020",2020-07-13 16:28:37+00:00,168950,3042,0,Monday
526,"The Pat McAfee Show | Friday July 10th, 2020",2020-07-10 16:02:42+00:00,135871,2292,4,Friday
527,"The Pat McAfee Show | Thursday July 9th, 2020",2020-07-09 16:03:26+00:00,136508,2503,3,Thursday
528,"The Pat McAfee Show | Wednesday July 8th, 2020",2020-07-08 16:23:36+00:00,154041,4790,2,Wednesday
529,"The Pat McAfee Show | Tuesday July 7th, 2020",2020-07-07 16:06:10+00:00,139803,2458,1,Tuesday
530,"The Pat McAfee Show | Monday July 6th, 2020",2020-07-06 16:51:09+00:00,162742,2547,0,Monday
531,"The Pat McAfee Show | Thursday July 2nd, 2020",2020-07-02 16:19:40+00:00,131106,2267,3,Thursday
532,"The Pat McAfee Show | Wednesday July 1st, 2020",2020-07-01 16:21:58+00:00,130289,2350,2,Wednesday
533,"The Pat McAfee Show | Tuesday June 30th, 2020",2020-06-30 16:23:07+00:00,116132,2337,1,Tuesday
534,"The Pat McAfee Show | Monday June 29th, 2020",2020-06-29 16:24:55+00:00,146613,2902,0,Monday
535,"The Pat McAfee Show | Thursday June 25th, 2020",2020-06-25 16:13:36+00:00,149358,5460,3,Thursday
536,"The Pat McAfee Show | Wednesday June 24th, 2020",2020-06-24 16:24:06+00:00,148318,5389,2,Wednesday
537,"The Pat McAfee Show | Tuesday June 23rd, 2020",2020-06-23 16:11:12+00:00,109135,1673,1,Tuesday
538,"The Pat McAfee Show | Monday June 22nd, 2020",2020-06-22 16:07:30+00:00,109671,1751,0,Monday
539,"The Pat McAfee Show | Thursday June 18th, 2020",2020-06-18 16:14:23+00:00,123260,1966,3,Thursday
540,"The Pat McAfee Show | Wednesday June 17th, 2020",2020-06-17 16:24:28+00:00,110454,1914,2,Wednesday
541,"The Pat McAfee Show | Tuesday, June 16th",2020-06-16 16:04:13+00:00,104504,1657,1,Tuesday
542,"The Pat McAfee Show | Monday June 15th, 2020",2020-06-15 16:21:27+00:00,114175,1687,0,Monday
543,"The Pat McAfee Show | Friday June 12th, 2020",2020-06-12 18:30:01+00:00,99848,1018,4,Friday
544,"The Pat McAfee Show | Thursday June 11th, 2020",2020-06-11 16:34:21+00:00,121587,1870,3,Thursday
545,"The Pat McAfee Show | Wednesday June 10th, 2020",2020-06-10 16:24:02+00:00,128681,2242,2,Wednesday
546,"The Pat McAfee Show | Tuesday June 9th, 2020",2020-06-09 16:18:00+00:00,110689,1869,1,Tuesday
547,"The Pat McAfee Show | Monday June 8th, 2020",2020-06-08 16:09:02+00:00,124474,2047,0,Monday
548,"The Pat McAfee Show | Friday June 5th, 2020",2020-06-05 16:06:02+00:00,163888,2267,4,Friday
549,"The Pat McAfee Show | Thursday, June 4th",2020-06-04 16:04:03+00:00,127633,2186,3,Thursday
550,"The Pat McAfee Show | Wednesday, June 3rd",2020-06-03 16:25:09+00:00,149006,2558,2,Wednesday
551,"The Pat McAfee Show | Monday, June 1st",2020-06-01 16:08:57+00:00,169644,3312,0,Monday
552,"The Pat McAfee Show | Friday, May 29th",2020-05-29 16:14:15+00:00,150396,2297,4,Friday
553,"The Pat McAfee Show | Thursday, May 28th",2020-05-28 16:15:44+00:00,133604,2306,3,Thursday
554,"The Pat McAfee Show | Wednesday May 27th, 2020",2020-05-27 16:17:37+00:00,153125,3379,2,Wednesday
555,"The Pat McAfee Show | Tuesday, May 26th",2020-05-26 16:05:10+00:00,132556,4295,1,Tuesday
556,"The Pat McAfee Show | Monday, May 25th",2020-05-25 16:13:30+00:00,135588,2354,0,Monday
557,"The Pat McAfee Show | Friday, May 22nd",2020-05-22 16:04:01+00:00,141183,2386,4,Friday
558,"The Pat McAfee Show | Thursday, May 21st",2020-05-21 16:17:54+00:00,154739,3534,3,Thursday
559,"The Pat McAfee Show | Wednesday, May 20th",2020-05-20 16:27:37+00:00,151268,2580,2,Wednesday
560,"The Pat McAfee Show | Tuesday, May 19th",2020-05-19 16:10:09+00:00,127612,2107,1,Tuesday
561,"The Pat McAfee Show | Monday, May 18th",2020-05-18 16:11:48+00:00,155104,2129,0,Monday
562,"The Pat McAfee Show | Friday, May 15th",2020-05-15 16:19:45+00:00,166486,2663,4,Friday
563,"The Pat McAfee Show | Thursday, May 14th",2020-05-14 16:04:32+00:00,131975,2142,3,Thursday
564,"The Pat McAfee Show | Wednesday, May 13th",2020-05-13 16:06:39+00:00,164423,2848,2,Wednesday
565,"The Pat McAfee Show | Tuesday, May 12th",2020-05-12 16:08:12+00:00,139725,2349,1,Tuesday
566,"The Pat McAfee Show | Monday, May 11th",2020-05-11 16:05:34+00:00,146655,2320,0,Monday
567,"The Pat McAfee Show | Friday, May 8th",2020-05-08 16:34:21+00:00,177521,2763,4,Friday
568,"The Pat McAfee Show | Thursday, May 7th",2020-05-07 16:06:23+00:00,152820,2447,3,Thursday
569,"The Pat McAfee Show | Wednesday, May 6th",2020-05-06 16:35:44+00:00,161027,2552,2,Wednesday
570,"The Pat McAfee Show | Tuesday, May 5th",2020-05-05 16:10:35+00:00,160092,2314,1,Tuesday
571,"Dalton To The Cowboys, The Last Dance, And More - The Pat McAfee Show | Monday, May 4th",2020-05-04 16:08:28+00:00,168356,2527,0,Monday
572,"The Pat McAfee Show | Friday, May 1st",2020-05-01 16:05:41+00:00,215784,2575,4,Friday
573,"The Pat McAfee Show | Thursday, April 30th",2020-04-30 16:04:39+00:00,158615,2575,3,Thursday
574,"The Pat McAfee Show | Wednesday, April 29th",2020-04-29 16:09:03+00:00,148558,2579,2,Wednesday
575,"The Pat McAfee Show | Tuesday, April 28th",2020-04-28 16:11:26+00:00,131547,2188,1,Tuesday
576,"The Pat McAfee Show | Monday, April 27th",2020-04-27 16:06:36+00:00,148043,2406,0,Monday
577,"The Pat McAfee Show | Friday, April 24th",2020-04-24 16:06:48+00:00,215327,4070,4,Friday
578,"The Pat McAfee Show | Thursday, April 23rd",2020-04-23 16:06:16+00:00,133920,3426,3,Thursday
579,"The Pat McAfee Show | Wednesday, April 22nd",2020-04-22 16:06:26+00:00,116243,2209,2,Wednesday
580,"The Pat McAfee Show | Tuesday, April 21",2020-04-21 16:11:23+00:00,122815,2064,1,Tuesday
581,"The Pat McAfee Show | Monday, April 20th",2020-04-20 16:08:02+00:00,114919,1713,0,Monday
582,"The Pat McAfee Show | Friday, April 17th",2020-04-17 16:07:25+00:00,102415,1725,4,Friday
583,"The Pat McAfee Show | Thursday, April 16th",2020-04-16 16:07:26+00:00,100373,1775,3,Thursday
584,"The Pat McAfee Show | Wednesday, April 15th",2020-04-15 16:13:18+00:00,91825,1528,2,Wednesday
585,"The Pat McAfee Show | Tuesday, April 14th",2020-04-14 16:04:43+00:00,81950,1374,1,Tuesday
586,"The Pat McAfee Show | Monday, April 13th",2020-04-13 16:05:01+00:00,82119,1332,0,Monday
587,"The Pat McAfee Show | Friday, April 10th",2020-04-10 16:07:07+00:00,82383,1520,4,Friday
588,"The Pat McAfee Show | Thursday, April 9th",2020-04-09 16:12:10+00:00,64362,1179,3,Thursday
589,"The Pat McAfee Show | Wednesday, April 8th",2020-04-08 16:22:38+00:00,75278,1177,2,Wednesday
590,"The Pat McAfee Show | Tuesday, April 7th",2020-04-07 16:05:44+00:00,63885,1062,1,Tuesday
591,"The Pat McAfee Show | Monday, April 6th",2020-04-06 16:05:46+00:00,67284,1092,0,Monday
592,"The Pat McAfee Show | Friday, April 3rd",2020-04-03 16:10:18+00:00,74165,1082,4,Friday
593,"The Pat McAfee Show | Thursday, April 2nd",2020-04-02 16:05:01+00:00,79075,1167,3,Thursday
594,"The Pat McAfee Show | Wednesday, April 1st",2020-04-01 16:11:48+00:00,89125,1435,2,Wednesday
595,"The Pat McAfee Show | Tuesday, March 31st",2020-03-31 16:08:43+00:00,68881,988,1,Tuesday
596,"The Pat McAfee Show | Monday, March 30th",2020-03-30 16:06:18+00:00,77807,1259,0,Monday
597,"The Pat McAfee Show | Friday, March 27th",2020-03-27 16:06:13+00:00,73329,1141,4,Friday
598,"The Pat McAfee Show | Thursday, March 26th",2020-03-26 16:44:39+00:00,72383,1239,3,Thursday
599,"The Pat McAfee Show | Wednesday, March 25th",2020-03-25 16:54:27+00:00,86093,1349,2,Wednesday
600,"The Pat McAfee Show | Tuesday, March 24th",2020-03-24 16:06:58+00:00,74529,1257,1,Tuesday
601,"The Pat McAfee Show | Monday, March 23rd",2020-03-23 16:21:27+00:00,80609,1241,0,Monday
602,"The Pat McAfee Show | Friday, March 20th",2020-03-20 16:11:00+00:00,62907,1337,4,Friday
603,"The Pat McAfee Show | Thursday, March 19th",2020-03-19 16:05:29+00:00,101705,1585,3,Thursday
604,"The Pat McAfee Show | Wednesday, March 18th",2020-03-18 16:14:58+00:00,83319,1681,2,Wednesday
605,"The Pat McAfee Show | Tuesday, March 17th",2020-03-17 16:13:54+00:00,82653,1504,1,Tuesday
606,"The Pat McAfee Show | Monday, March 16th",2020-03-16 16:16:29+00:00,78100,1166,0,Monday
607,"The Pat McAfee Show | Friday, March 13th",2020-03-13 16:13:42+00:00,86095,1310,4,Friday
608,"The Pat McAfee Show | Thursday, March 12th",2020-03-12 16:15:53+00:00,91814,1268,3,Thursday
609,"The Pat McAfee Show | Wednesday, March 11th",2020-03-11 16:17:23+00:00,59628,921,2,Wednesday
610,"The Pat McAfee Show | Tuesday, March 10th",2020-03-10 16:17:37+00:00,60361,799,1,Tuesday
611,"The Pat McAfee Show | Monday, March 9th",2020-03-09 16:17:37+00:00,76407,1011,0,Monday
612,"The Pat McAfee Show | Friday, March 6th",2020-03-06 17:26:23+00:00,70738,1462,4,Friday
613,"The Pat McAfee Show | Thursday, March 5th",2020-03-05 17:35:49+00:00,68550,1044,3,Thursday
614,"The Pat McAfee Show | Wednesday, March 4th",2020-03-04 17:16:34+00:00,70969,980,2,Wednesday
615,"The Pat McAfee Show | Tuesday, March 3rd",2020-03-03 17:26:30+00:00,74888,1265,1,Tuesday
616,"The Pat McAfee Show | Monday, March 2nd",2020-03-02 17:15:22+00:00,80587,1282,0,Monday
617,"The Pat McAfee Show | Friday, February 28th",2020-02-28 17:17:16+00:00,110357,1348,4,Friday
618,"The Pat McAfee Show | Thursday, February 27th",2020-02-27 17:55:42+00:00,69247,1006,3,Thursday
619,"The Pat McAfee Show | Wednesday, February 26th",2020-02-26 17:24:33+00:00,67006,784,2,Wednesday
620,"The Pat McAfee Show | Tuesday, February 25th",2020-02-25 17:13:35+00:00,60853,958,1,Tuesday
621,"The Pat McAfee Show | Monday, February 24th",2020-02-24 17:34:14+00:00,66137,963,0,Monday
622,"The Pat McAfee Show | Friday, February 21st",2020-02-21 17:59:38+00:00,174689,3174,4,Friday
623,"The Pat McAfee Show | Thursday, February 20th",2020-02-20 17:33:41+00:00,42598,625,3,Thursday
624,"The Pat McAfee Show | Wednesday, February 19th",2020-02-19 17:16:09+00:00,57525,878,2,Wednesday
625,"The Pat McAfee Show | Tuesday, February 18th",2020-02-18 17:09:09+00:00,83245,1213,1,Tuesday
626,"The Pat McAfee Show | Monday, February 17th",2020-02-17 21:09:52+00:00,27687,426,0,Monday
627,"The Pat McAfee Show | Friday, February 14th",2020-02-14 17:14:45+00:00,42811,598,4,Friday
628,"The Pat McAfee Show | Thursday, February 13th",2020-02-13 17:12:20+00:00,54839,725,3,Thursday
629,"The Pat McAfee Show | Wednesday, February 12th",2020-02-12 17:22:35+00:00,47645,681,2,Wednesday
630,"The Pat McAfee Show | Tuesday, February 11th",2020-02-11 17:10:29+00:00,44366,638,1,Tuesday
631,"The Pat McAfee Show | Monday, February 10th",2020-02-10 17:13:30+00:00,80881,1348,0,Monday
632,"The Pat McAfee Show | Friday, February 7th",2020-02-07 17:14:51+00:00,69534,961,4,Friday
633,"The Pat McAfee Show | Thursday, February 6th",2020-02-06 17:11:00+00:00,58982,890,3,Thursday
634,"The Pat McAfee Show | Wednesday, February 5th",2020-02-05 17:12:17+00:00,56938,766,2,Wednesday
635,"The Pat McAfee Show | Tuesday, February 4th",2020-02-04 17:12:42+00:00,68929,886,1,Tuesday
636,"The Pat McAfee Show | Monday, February 3rd",2020-02-03 17:12:59+00:00,83682,1251,0,Monday
637,The Pat McAfee Show | Friday January 31st,2020-01-31 17:14:53+00:00,77008,1344,4,Friday
638,"The Pat McAfee Show | Thursday, January 30th",2020-01-30 17:13:37+00:00,53966,936,3,Thursday
639,"The Pat McAfee Show | Wednesday, January 29th",2020-01-29 17:12:30+00:00,64683,781,2,Wednesday
640,"The Pat McAfee Show | Tuesday, January 28th",2020-01-28 17:14:42+00:00,57060,891,1,Tuesday
641,"The Pat McAfee Show | Monday, January 27th",2020-01-27 16:24:52+00:00,94474,2115,0,Monday
642,"The Pat McAfee Show | Friday, January 24th",2020-01-24 17:08:52+00:00,74177,1066,4,Friday
643,"The Pat McAfee Show | Thursday, January 23rd",2020-01-23 17:41:47+00:00,60485,868,3,Thursday
644,"The Pat McAfee Show | Wednesday, January 22nd",2020-01-22 18:39:09+00:00,72897,904,2,Wednesday
645,"The Pat McAfee Show | Tuesday, January 21st",2020-01-21 17:11:32+00:00,76282,1027,1,Tuesday
646,"The Pat McAfee Show | Monday, January 20th",2020-01-20 17:08:22+00:00,80134,1048,0,Monday
647,"The Pat McAfee Show | Friday, January 17th",2020-01-17 17:25:30+00:00,73591,1030,4,Friday
648,"The Pat McAfee Show | Thursday, January 16th",2020-01-16 17:17:38+00:00,61171,888,3,Thursday
649,"The Pat McAfee Show | Wednesday, January 15th",2020-01-15 17:16:36+00:00,61506,806,2,Wednesday
650,"The Pat McAfee Show | Tuesday, January 14th",2020-01-14 17:11:28+00:00,87297,1127,1,Tuesday
651,"The Pat McAfee Show | Monday, January 13th",2020-01-13 17:15:45+00:00,74459,1013,0,Monday
652,"The Pat McAfee Show | Friday, January 10",2020-01-10 17:11:17+00:00,85076,1138,4,Friday
653,"The Pat McAfee Show | Thursday, January 9th",2020-01-09 17:12:58+00:00,70529,1040,3,Thursday
654,"The Pat McAfee Show | Wednesday, January 8th",2020-01-08 17:12:48+00:00,74747,1053,2,Wednesday
655,"The Pat McAfee Show | Tuesday, January 7th",2020-01-07 17:14:39+00:00,75439,1130,1,Tuesday
656,"The Pat McAfee Show | Monday, January 6th",2020-01-06 17:07:12+00:00,98625,1337,0,Monday
657,"The Pat McAfee Show | Friday, January 3rd",2020-01-03 17:11:18+00:00,98618,1334,4,Friday
658,"The Pat McAfee Show | Thursday, January 2nd",2020-01-02 17:14:33+00:00,74490,991,3,Thursday
659,"The Pat McAfee Show | Wednesday, January 1st",2020-01-01 17:09:47+00:00,69951,1219,2,Wednesday
660,"The Pat McAfee Show | Tuesday, December 31st",2019-12-31 17:12:49+00:00,60279,1035,1,Tuesday
661,"The Pat McAfee Show | Monday, Decemeber 30th",2019-12-30 17:13:53+00:00,99713,1269,0,Monday
662,"The Pat McAfee Show | Friday, December 27th",2019-12-27 17:05:54+00:00,44212,696,4,Friday
663,"The Pat McAfee Show | Monday, December 23rd",2019-12-23 17:37:12+00:00,77734,1035,0,Monday
664,"The Pat McAfee Show | Friday, December 20th",2019-12-20 17:15:09+00:00,41486,530,4,Friday
665,"The Pat McAfee Show | Thursday, December 19th",2019-12-19 17:15:15+00:00,53870,639,3,Thursday
666,"The Pat McAfee Show | Wednesday, December 18th",2019-12-18 17:10:03+00:00,100902,831,2,Wednesday
667,"The Pat McAfee Show | Tuesday, December 17th",2019-12-17 17:20:43+00:00,62253,779,1,Tuesday
668,"The Pat McAfee Show | Monday, December 16th",2019-12-16 17:11:49+00:00,63942,722,0,Monday
669,"The Pat McAfee Show | Friday, December 13th",2019-12-13 17:45:48+00:00,61840,842,4,Friday
670,"The Pat McAfee Show | Thursday, December 12th",2019-12-12 17:18:41+00:00,56739,679,3,Thursday
671,"The Pat McAfee Show | Wednesday, December 11th",2019-12-11 17:25:35+00:00,50420,740,2,Wednesday
672,"The Pat McAfee Show | Tuesday, December 10th",2019-12-10 17:15:41+00:00,57150,693,1,Tuesday
673,"The Pat McAfee Show | Monday, December 9th",2019-12-09 17:08:49+00:00,73783,886,0,Monday
674,"The Pat McAfee Show | Friday, December 6th",2019-12-06 17:15:16+00:00,60728,854,4,Friday
675,"The Pat McAfee Show | Thursday, December 5th",2019-12-05 17:28:59+00:00,55977,768,3,Thursday
676,"The Pat McAfee Show | Wednesday, December 4th",2019-12-04 17:17:49+00:00,52174,756,2,Wednesday
677,"The Pat McAfee Show | Tuesday, December 3rd",2019-12-03 17:09:58+00:00,67632,787,1,Tuesday
678,"The Pat McAfee Show | Monday, December 2nd",2019-12-02 17:21:06+00:00,76556,969,0,Monday
679,"The Pat McAfee Show | Friday, November 29th",2019-11-29 17:10:20+00:00,56113,758,4,Friday
680,"The Pat McAfee Show | Wednesday, November 27th",2019-11-27 17:27:49+00:00,8081,102,2,Wednesday
681,"The Pat McAfee Show | Wednesday, November 27th",2019-11-27 16:44:37+00:00,39732,573,2,Wednesday
682,"The Pat McAfee Show | Tuesday, November 26th",2019-11-26 17:11:25+00:00,61530,825,1,Tuesday
683,"The Pat McAfee Show | Monday, November 25th",2019-11-25 17:18:25+00:00,59892,802,0,Monday
684,"The Pat McAfee Show | Friday, November 22nd",2019-11-22 17:35:19+00:00,61087,799,4,Friday
685,"The Pat McAfee Show | Thursday, November 21st",2019-11-21 17:28:58+00:00,42367,631,3,Thursday
686,"The Pat McAfee Show | Wednesday, November 20th",2019-11-20 17:23:55+00:00,56009,725,2,Wednesday
687,"The Pat McAfee Show | Tuesday, November 19th",2019-11-19 17:21:29+00:00,54421,815,1,Tuesday
688,"The Pat McAfee Show | Monday, November 18th",2019-11-18 18:10:25+00:00,66276,909,0,Monday
689,"The Pat McAfee Show | Friday, November 15th",2019-11-15 17:19:39+00:00,86606,1239,4,Friday
690,"The Pat McAfee Show | Thursday, November 14th",2019-11-14 17:14:35+00:00,44281,562,3,Thursday
691,"The Pat McAfee Show | Wednesday, November 13th",2019-11-13 17:14:31+00:00,58595,698,2,Wednesday
692,"The Pat McAfee Show | Tuesday, November 12",2019-11-12 17:12:25+00:00,105778,958,1,Tuesday
693,"The Pat McAfee Show | Monday, November 11th",2019-11-11 17:19:09+00:00,73291,994,0,Monday
694,"The Pat McAfee Show | Friday, November 8th",2019-11-08 17:11:59+00:00,65499,705,4,Friday
695,"The Pat McAfee Show | Thursday, November 7th",2019-11-07 17:22:29+00:00,48759,775,3,Thursday
696,"The Pat McAfee Show | Wednesday, November 6th",2019-11-06 17:11:46+00:00,72458,698,2,Wednesday
697,"The Pat McAfee Show | Tuesday, November 5",2019-11-05 17:18:27+00:00,54979,763,1,Tuesday
698,"The Pat McAfee Show | Monday, November 4th",2019-11-04 17:07:51+00:00,60250,815,0,Monday
699,"The Pat McAfee Show | Friday, November 1st",2019-11-01 16:17:32+00:00,47777,626,4,Friday
700,"The Pat McAfee Show | Thursday, October 31st",2019-10-31 13:48:34+00:00,21143,312,3,Thursday
701,"The Pat McAfee Show | Wednesday, October 30th",2019-10-30 16:14:18+00:00,52166,700,2,Wednesday
702,"The Pat McAfee Show | Tuesday, October 29th",2019-10-29 16:06:25+00:00,53458,793,1,Tuesday
703,"The Pat McAfee Show | Monday, October 28th",2019-10-28 16:07:20+00:00,66165,989,0,Monday
704,"The Pat McAfee Show | Friday, October 25th",2019-10-25 16:38:02+00:00,49936,724,4,Friday
705,"The Pat McAfee Show | Thursday, October 24th",2019-10-24 16:02:32+00:00,23050,259,3,Thursday
706,"The Pat McAfee Show | Thursday, October 24th",2019-10-24 13:49:21+00:00,20486,314,3,Thursday
707,"The Pat McAfee Show | Wednesday, October 23rd",2019-10-23 16:13:36+00:00,53193,788,2,Wednesday
708,"The Pat McAfee Show | Tuesday, October 22",2019-10-22 16:11:08+00:00,84288,943,1,Tuesday
709,"The Pat McAfee Show | Monday, October 21st",2019-10-21 16:07:51+00:00,67526,1036,0,Monday
710,"The Pat McAfee Show | Friday, October 18th",2019-10-18 16:13:14+00:00,53942,802,4,Friday
711,"The Pat McAfee Show | Thursday, October 17th",2019-10-17 16:05:02+00:00,52234,756,3,Thursday
712,"The Pat McAfee Show | Wednesday, October 16th",2019-10-16 16:16:31+00:00,58987,880,2,Wednesday
713,"The Pat McAfee Show | Tuesday, October 15th",2019-10-15 16:15:41+00:00,69680,1042,1,Tuesday
714,"The Pat McAfee Show | Monday, October 14th",2019-10-14 16:15:48+00:00,76000,1097,0,Monday
715,"The Pat McAfee Show | Friday, October 11th",2019-10-11 16:10:06+00:00,60972,883,4,Friday
716,"The Pat McAfee Show | Thursday, October 10th",2019-10-10 16:12:15+00:00,52321,773,3,Thursday
717,"The Pat McAfee Show | Wednesday, October 9th",2019-10-09 16:05:00+00:00,75131,1184,2,Wednesday
718,"The Pat McAfee Show | Tuesday, October 8th",2019-10-08 16:14:42+00:00,64245,1034,1,Tuesday
719,"The Pat McAfee Show | Monday, October 7th",2019-10-07 16:08:12+00:00,73525,1114,0,Monday
720,"The Pat McAfee Show | Friday, October 4th",2019-10-04 16:22:44+00:00,54733,760,4,Friday
721,"The Pat McAfee Show | Thursday, October 3rd",2019-10-03 16:08:01+00:00,53290,802,3,Thursday
722,"The Pat McAfee Show | Wednesday, October 2nd",2019-10-02 16:21:01+00:00,63773,854,2,Wednesday
723,"The Pat McAfee Show | Tuesday, October 1st",2019-10-01 16:16:14+00:00,67799,966,1,Tuesday
724,"The Pat McAfee Show | Monday, September 30th",2019-09-30 16:05:33+00:00,72012,876,0,Monday
725,"The Pat McAfee Show | Friday, September 27th",2019-09-27 16:08:05+00:00,38133,549,4,Friday
726,"The Pat McAfee Show | Thursday, September 26th",2019-09-26 16:31:51+00:00,31763,453,3,Thursday
727,"The Pat McAfee Show | Wednesday, September 25th",2019-09-25 16:09:21+00:00,29238,454,2,Wednesday
728,"The Pat McAfee Show | Tuesday, September 24",2019-09-24 16:12:44+00:00,28364,494,1,Tuesday
729,"The Pat McAfee Show | Monday, September 23",2019-09-23 16:13:56+00:00,81753,659,0,Monday
730,"The Pat McAfee Show | Friday, September 20th",2019-09-20 16:18:17+00:00,26584,404,4,Friday
731,"The Pat McAfee Show | Thursday, September 19th",2019-09-19 16:13:59+00:00,22037,326,3,Thursday
732,"The Pat McAfee Show | Wednesday, September 18th",2019-09-18 16:18:42+00:00,24463,405,2,Wednesday
733,"The Pat McAfee Show | Tuesday, September 17th",2019-09-17 16:17:04+00:00,27929,476,1,Tuesday
734,"The Pat McAfee Show | Monday, September 16th",2019-09-16 16:17:42+00:00,51740,696,0,Monday
735,"The Pat McAfee Show | Friday, September 13th",2019-09-13 16:09:27+00:00,22134,417,4,Friday
736,"The Pat McAfee Show | Thursday, September 12th",2019-09-12 16:12:25+00:00,21852,338,3,Thursday
737,The Pat McAfee Show | Wednesday September 11th,2019-09-11 16:39:18+00:00,37612,619,2,Wednesday
738,The Pat McAfee Show | Tuesday September 10th,2019-09-10 16:38:27+00:00,22849,551,1,Tuesday
739,The Pat McAfee Show | Monday September 9th,2019-09-09 16:15:29+00:00,17058,496,0,Monday
